{
  "Version": "2012-10-17",
  "Statement": [
    {
      "Sid": "S3Read",
      "Effect": "Allow",
      "Action": [
        "s3:GetObject",
        "s3:ListBucket"
      ],
      "Resource": [
        "arn:aws:s3:::YOUR_BUCKET_NAME",
        "arn:aws:s3:::YOUR_BUCKET_NAME/*"
      ]
    },
    {
      "Sid": "DynamoDBWrite",
      "Effect": "Allow",
      "Action": [
        "dynamodb:BatchWriteItem",
        "dynamodb:PutItem",
        "dynamodb:DescribeTable"
      ],
      "Resource": "arn:aws:dynamodb:YOUR_REGION:YOUR_ACCOUNT_ID:table/orders"
    },
    {
      "Sid": "Logs",
      "Effect": "Allow",
      "Action": [
        "logs:CreateLogGroup",
        "logs:CreateLogStream",
        "logs:PutLogEvents"
      ],
      "Resource": "*"
    }
  ]
}